[
    {
        "id": "0001",
        "type": "veg",
        "price": "290",
        "name": "paneer tikka",
        "image": "https://image.shutterstock.com/image-photo/delicious-italian-pizza-over-white-600w-127528958.jpg",
        "description": "This is popular italian pizza flavoured with marinated tikka sauce and paneer",
        "ingredients": [
            {
                "id": "1",
                "iname": "dough/flour"
            },
            {
                "id": "4",
                "iname": "pizza saucce"
            },
            {
                "id": "5",
                "iname": "pizza sauce seasoning"
            },
            {
                "id": "6",
                "iname": "cheese"
            }
        ],
        "topping": [
            {
                "id": "111",
                "tname": "Paneer",
                "price": "45"
            },
            {
                "id": "112",
                "tname": "Fried Onion",
                "price": "18"
            },
            {
                "id": "106",
                "tname": "Green olive",
                "price": "50"
            },
            {
                "id": "113",
                "tname": "Capsicum",
                "price": "15"
            },
            {
                "id": "110",
                "tname": "Red peprika",
                "price": "30"
            }
        ]
    },
    {
        "id": "0002",
        "type": "nonveg",
        "price": "350",
        "name": "chiken italiaon",
        "image": "https://image.shutterstock.com/image-photo/pizza-600w-53553874.jpg",
        "description": "This is popular italian pizza flavoured with light sugary taste and creamy touch",
        "ingredients": [
            {
                "id": "2",
                "iname": "deep dish pizza mix"
            },
            {
                "id": "4",
                "iname": "pizza saucce"
            },
            {
                "id": "5",
                "iname": "pizza sauce seasoning"
            },
            {
                "id": "6",
                "iname": "cheese"
            },
            {
                "id": "8",
                "iname": "sugar and cinnomon blend"
            },
            {
                "id": "9",
                "iname": "plain butter"
            }
        ],
        "topping": [
            {
                "id": "101",
                "tname": "Pepperoni",
                "price": 110
            },
            {
                "id": "103",
                "tname": "Chicken Sausage",
                "price": "90"
            },
            {
                "id": "102",
                "tname": "Mushroom",
                "price": "35"
            },
            {
                "id": "113",
                "tname": "Capsicum",
                "price": "15"
            },
            {
                "id": "104",
                "tname": "Black beans",
                "price": "45"
            }
        ]
    },
    {
        "id": "0003",
        "type": "veg",
        "price": "310",
        "name": "veggie supreme",
        "image": "https://image.shutterstock.com/image-photo/hot-pizza-pepperoni-sausage-on-600w-770556520.jpg",
        "description": "This is popular italian pizza flavoured with crushed garlic, with multiple herbs topped up with sweet corn",
        "ingredients": [
            {
                "id": "2",
                "iname": "deep dish pizza mix"
            },
            {
                "id": "4",
                "iname": "pizza saucce"
            },
            {
                "id": "5",
                "iname": "pizza sauce seasoning"
            },
            {
                "id": "6",
                "iname": "cheese"
            },
            {
                "id": "7",
                "iname": "garlic herbs"
            },
            {
                "id": "10",
                "iname": "flavored butter"
            }
        ],
        "topping": [
            {
                "id": "112",
                "tname": "Fried Onion",
                "price": "18"
            },
            {
                "id": "114",
                "tname": "Sweet corn",
                "price": "38"
            },
            {
                "id": "102",
                "tname": "Mushroom",
                "price": "35"
            },
            {
                "id": "113",
                "tname": "Capsicum",
                "price": "15"
            },
            {
                "id": 105,
                "tname": "Black olive ",
                "price ": 50
            }
        ]
    },
    {
        "id": "0004",
        "type": "nonveg",
        "price": "400",
        "name": "Tripple chicken feast",
        "image": "https://image.shutterstock.com/image-photo/mixture-pizza-italian-food-600w-332497832.jpg",
        "description": "This is popular italian pizza flavoured with unique greek dressing topped up with keema and meat ball",
        "ingredients": [
            {
                "id": "3",
                "iname": "low carb pizza dough"
            },
            {
                "id": "4",
                "iname": "pizza saucce"
            },
            {
                "id": "5",
                "iname": "pizza sauce seasoning"
            },
            {
                "id": "6",
                "iname": "cheese"
            },
            {
                "id": "13",
                "iname": "greek dressing"
            },
            {
                "id": "11",
                "iname": "cajun"
            }
        ],
        "topping": [
            {
                "id": "115",
                "tname": "Chicken keema",
                "price": "99"
            },
            {
                "id": "112",
                "tname": "Fried Onion",
                "price": "18"
            },
            {
                "id": "116",
                "tname": "Chicken Meat ball",
                "price": "105"
            },
            {
                "id": "113",
                "tname": "Capsicum",
                "price": "15"
            },
            {
                "id": "114",
                "tname": "Sweet corn",
                "price": "38"
            }
        ]
    },
    {
        "id": "0005",
        "type": "nonveg",
        "price": "625",
        "name": "Ultimate chicken",
        "image": "https://www.shutterstock.com/image-photo/pizza-margherita-italian-246331354?src=LdqMHwukPR6yE1l-dL7uMQ-1-11%22",
        "description": "This is popular italian pizza flavoured with BBA sauce, flavored butter. it has spongy base which gives unique taste with multiple toppings",
        "ingredients": [
            {
                "id": "2",
                "iname": "deep dish pizza mix"
            },
            {
                "id": "4",
                "iname": "pizza saucce"
            },
            {
                "id": "5",
                "iname": "pizza sauce seasoning"
            },
            {
                "id": "6",
                "iname": "cheese"
            },
            {
                "id": "12",
                "iname": "BBQ sauce"
            },
            {
                "id": "11",
                "iname": "cajun"
            },
            {
                "id": "10",
                "iname": "flavored butter"
            }
        ],
        "topping": [
            {
                "id": "101",
                "tname": "Pepperoni",
                "price": 110
            },
            {
                "id": "112",
                "tname": "Fried Onion",
                "price": "18"
            },
            {
                "id": "116",
                "tname": "Chicken Meat ball",
                "price": "105"
            },
            {
                "id": "103",
                "tname": "Chicken Sausage",
                "price": "90"
            },
            {
                "id": "115",
                "tname": "Chicken keema",
                "price": "99"
            }
        ]
    }
]